time,track_id,label,similarity,x1,y1,x2,y2,area_ratio
Wed Dec  3 11:33:27 2025,1,HUMAN,0.000,275,228,536,479,0.21325
Wed Dec  3 11:33:27 2025,2,HUMAN,0.000,546,66,639,478,0.12473
Wed Dec  3 11:33:29 2025,1,HUMAN,0.000,282,233,536,479,0.20340
Wed Dec  3 11:33:29 2025,2,HUMAN,0.000,545,64,639,478,0.12668
Wed Dec  3 11:33:30 2025,1,HUMAN,0.000,267,232,539,479,0.21870
Wed Dec  3 11:33:31 2025,2,HUMAN,0.000,536,70,639,479,0.13713
Wed Dec  3 11:33:31 2025,1,HUMAN,0.000,264,233,540,479,0.22102
Wed Dec  3 11:33:32 2025,1,HUMAN,0.000,267,232,540,479,0.21950
Wed Dec  3 11:33:33 2025,1,HUMAN,0.000,270,234,539,479,0.21453
Wed Dec  3 11:33:34 2025,1,HUMAN,0.000,272,235,531,479,0.20572
Wed Dec  3 11:33:34 2025,1,HUMAN,0.000,267,235,530,479,0.20889
Wed Dec  3 11:33:35 2025,1,HUMAN,0.000,265,234,538,479,0.21772
Wed Dec  3 11:33:36 2025,1,HUMAN,0.000,270,234,540,479,0.21533
Wed Dec  3 11:33:37 2025,1,HUMAN,0.000,265,236,533,479,0.21199
Wed Dec  3 11:33:37 2025,1,HUMAN,0.000,263,235,532,479,0.21366
Wed Dec  3 11:33:38 2025,1,HUMAN,0.000,261,232,534,479,0.21950
Wed Dec  3 11:33:39 2025,1,HUMAN,0.000,259,230,538,479,0.22614
Wed Dec  3 11:33:40 2025,1,HUMAN,0.000,259,229,540,479,0.22868
Wed Dec  3 11:33:40 2025,1,HUMAN,0.000,259,227,541,479,0.23133
Wed Dec  3 11:33:41 2025,1,HUMAN,0.000,258,228,541,479,0.23123
Wed Dec  3 11:33:42 2025,3,HUMAN,0.000,582,5,639,477,0.08758
Wed Dec  3 11:33:42 2025,1,HUMAN,0.000,261,229,543,479,0.22949
Wed Dec  3 11:33:43 2025,3,HUMAN,0.000,564,1,639,479,0.11670
Wed Dec  3 11:33:44 2025,1,HUMAN,0.000,259,225,546,479,0.23730
Wed Dec  3 11:33:44 2025,3,HUMAN,0.000,582,6,639,477,0.08739
Wed Dec  3 11:33:45 2025,1,HUMAN,0.000,254,195,573,479,0.29491
Wed Dec  3 11:33:45 2025,4,HUMAN,0.000,585,186,639,477,0.05115
Wed Dec  3 11:33:46 2025,1,HUMAN,0.000,231,191,550,479,0.29906
Wed Dec  3 11:33:46 2025,4,HUMAN,0.000,586,186,639,476,0.05003
Wed Dec  3 11:33:47 2025,1,HUMAN,0.000,226,195,539,479,0.28936
Wed Dec  3 11:33:47 2025,3,HUMAN,0.000,585,3,639,479,0.08367
Wed Dec  3 11:33:48 2025,1,HUMAN,0.000,267,187,589,479,0.30607
Wed Dec  3 11:33:49 2025,1,HUMAN,0.000,324,190,639,479,0.29634
Wed Dec  3 11:33:50 2025,1,HUMAN,0.000,323,200,633,479,0.28154
Wed Dec  3 11:33:51 2025,1,HUMAN,0.000,293,222,579,479,0.23926
Wed Dec  3 11:33:51 2025,1,HUMAN,0.000,299,227,588,479,0.23707
Wed Dec  3 11:33:52 2025,1,HUMAN,0.000,300,231,582,479,0.22766
Wed Dec  3 11:33:53 2025,1,HUMAN,0.000,307,235,591,479,0.22557
Wed Dec  3 11:33:54 2025,1,HUMAN,0.000,305,233,592,479,0.22982
Wed Dec  3 11:33:55 2025,1,HUMAN,0.000,309,236,592,479,0.22386
Wed Dec  3 11:33:55 2025,3,HUMAN,0.000,604,193,639,379,0.02119
Wed Dec  3 11:33:55 2025,1,HUMAN,0.000,316,236,589,479,0.21595
Wed Dec  3 11:33:56 2025,1,HUMAN,0.000,317,235,591,479,0.21763
Wed Dec  3 11:33:57 2025,1,HUMAN,0.000,314,235,588,479,0.21763
Wed Dec  3 11:33:57 2025,3,HUMAN,0.000,602,197,639,389,0.02312
Wed Dec  3 11:33:58 2025,1,HUMAN,0.000,313,233,587,479,0.21941
Wed Dec  3 11:33:58 2025,3,HUMAN,0.000,603,197,639,388,0.02238
Wed Dec  3 11:33:58 2025,1,HUMAN,0.000,311,234,584,479,0.21772
Wed Dec  3 11:33:59 2025,1,HUMAN,0.000,309,234,582,479,0.21772
Wed Dec  3 11:33:59 2025,3,HUMAN,0.000,605,199,639,380,0.02003
Wed Dec  3 11:34:00 2025,1,HUMAN,0.000,300,233,578,479,0.22262
Wed Dec  3 11:34:00 2025,3,HUMAN,0.000,604,198,639,384,0.02119
Wed Dec  3 11:34:01 2025,1,HUMAN,0.000,295,233,577,479,0.22582
Wed Dec  3 11:34:02 2025,1,HUMAN,0.000,297,235,580,479,0.22478
Wed Dec  3 11:34:02 2025,1,HUMAN,0.000,301,236,585,479,0.22465
Wed Dec  3 11:34:03 2025,1,HUMAN,0.000,304,235,589,479,0.22637
Wed Dec  3 11:34:04 2025,1,HUMAN,0.000,303,233,592,479,0.23143
Wed Dec  3 11:34:05 2025,1,HUMAN,0.000,303,230,593,479,0.23506
Wed Dec  3 11:34:06 2025,1,HUMAN,0.000,300,231,590,479,0.23411
Wed Dec  3 11:34:07 2025,1,HUMAN,0.000,291,231,588,479,0.23977
Wed Dec  3 11:34:07 2025,3,HUMAN,0.000,584,26,639,476,0.08057
Wed Dec  3 11:34:08 2025,1,HUMAN,0.000,289,233,598,479,0.24744
Wed Dec  3 11:34:08 2025,3,HUMAN,0.000,558,46,639,479,0.11417
Wed Dec  3 11:34:09 2025,1,HUMAN,0.000,289,243,575,479,0.21971
Wed Dec  3 11:34:09 2025,3,HUMAN,0.000,606,80,639,469,0.04179
Wed Dec  3 11:34:10 2025,1,HUMAN,0.000,300,245,578,479,0.21176
Wed Dec  3 11:34:11 2025,1,HUMAN,0.000,304,242,592,479,0.22219
Wed Dec  3 11:34:12 2025,1,HUMAN,0.000,303,243,596,479,0.22509
Wed Dec  3 11:34:12 2025,3,HUMAN,0.066,536,0,639,478,0.16027
Wed Dec  3 11:34:13 2025,1,HUMAN,0.000,300,241,592,479,0.22622
Wed Dec  3 11:34:14 2025,3,HUMAN,0.000,548,0,639,477,0.14130
Wed Dec  3 11:34:15 2025,1,HUMAN,0.000,299,238,591,479,0.22908
Wed Dec  3 11:34:16 2025,1,HUMAN,0.000,303,241,593,479,0.22467
Wed Dec  3 11:34:16 2025,3,HUMAN,0.000,588,11,639,472,0.07653
Wed Dec  3 11:34:17 2025,1,HUMAN,0.000,303,246,591,479,0.21844
Wed Dec  3 11:34:17 2025,3,HUMAN,0.000,598,9,639,464,0.06073
Wed Dec  3 11:34:18 2025,1,HUMAN,0.000,300,247,587,479,0.21674
Wed Dec  3 11:34:18 2025,3,HUMAN,0.000,600,13,639,469,0.05789
Wed Dec  3 11:34:19 2025,1,HUMAN,0.000,303,246,596,479,0.22223
Wed Dec  3 11:34:19 2025,3,HUMAN,0.000,570,25,639,477,0.10152
Wed Dec  3 11:34:20 2025,1,HUMAN,0.000,301,245,598,479,0.22623
Wed Dec  3 11:34:21 2025,3,HUMAN,0.000,547,31,639,479,0.13417
Wed Dec  3 11:34:22 2025,1,HUMAN,0.000,299,247,587,479,0.21750
Wed Dec  3 11:34:22 2025,3,HUMAN,0.000,524,17,639,458,0.16509
Wed Dec  3 11:34:23 2025,1,HUMAN,0.000,299,247,582,479,0.21372
Wed Dec  3 11:34:24 2025,3,HUMAN,0.289,516,25,639,472,0.17897
Wed Dec  3 11:34:25 2025,1,HUMAN,0.000,303,245,587,479,0.21633
Wed Dec  3 11:34:25 2025,3,HUMAN,0.000,541,14,639,476,0.14738
Wed Dec  3 11:34:26 2025,1,HUMAN,0.000,297,244,582,479,0.21802
Wed Dec  3 11:34:27 2025,3,HUMAN,0.251,546,10,639,468,0.13865
Wed Dec  3 11:34:27 2025,1,HUMAN,0.000,295,244,574,479,0.21343
Wed Dec  3 11:34:28 2025,3,HUMAN,0.000,544,16,639,470,0.14040
Wed Dec  3 11:34:29 2025,1,HUMAN,0.000,302,244,586,479,0.21725
Wed Dec  3 11:34:30 2025,3,HUMAN,0.000,514,22,639,474,0.18392
Wed Dec  3 11:34:30 2025,1,HUMAN,0.000,336,226,637,479,0.24789
Wed Dec  3 11:34:31 2025,3,HUMAN,0.000,566,0,639,467,0.11097
Wed Dec  3 11:34:32 2025,1,HUMAN,0.000,291,227,587,479,0.24281
Wed Dec  3 11:34:32 2025,3,HUMAN,0.000,535,11,639,473,0.15641
Wed Dec  3 11:34:33 2025,1,HUMAN,0.000,297,227,594,479,0.24363
Wed Dec  3 11:34:34 2025,3,HUMAN,0.320,509,8,639,475,0.19762
Wed Dec  3 11:34:35 2025,1,HUMAN,0.000,299,221,585,479,0.24020
Wed Dec  3 11:34:35 2025,3,FOE,0.382,510,35,639,479,0.18645
Wed Dec  3 11:34:36 2025,1,HUMAN,0.000,277,205,569,479,0.26044
Wed Dec  3 11:34:37 2025,3,HUMAN,0.505,462,42,639,478,0.25121
Wed Dec  3 11:34:38 2025,1,HUMAN,0.000,268,212,578,479,0.26943
Wed Dec  3 11:34:39 2025,1,HUMAN,0.000,303,210,608,479,0.26707
Wed Dec  3 11:34:40 2025,1,HUMAN,0.000,293,133,616,479,0.36380
Wed Dec  3 11:34:41 2025,5,HUMAN,0.000,358,123,433,272,0.03638
Wed Dec  3 11:34:42 2025,1,HUMAN,0.000,284,223,637,479,0.29417
Wed Dec  3 11:34:43 2025,1,HUMAN,0.000,282,220,639,479,0.30099
Wed Dec  3 11:34:44 2025,1,HUMAN,0.000,283,220,639,479,0.30014
Wed Dec  3 11:34:45 2025,6,HUMAN,0.061,459,46,560,213,0.05491
Wed Dec  3 11:34:46 2025,1,HUMAN,0.000,289,80,625,479,0.43641
Wed Dec  3 11:34:47 2025,1,HUMAN,0.000,284,185,606,479,0.30816
Wed Dec  3 11:34:47 2025,7,HUMAN,0.065,162,172,294,320,0.06359
Wed Dec  3 11:34:49 2025,8,HUMAN,0.058,330,378,471,479,0.04636
Wed Dec  3 11:34:50 2025,1,HUMAN,0.075,403,184,502,361,0.05704
Wed Dec  3 11:34:50 2025,9,HUMAN,0.000,0,341,36,479,0.01617
Wed Dec  3 11:34:52 2025,8,FOE,0.063,166,287,513,479,0.21687
Wed Dec  3 11:34:53 2025,1,FOE,0.074,368,150,475,304,0.05364
Wed Dec  3 11:34:54 2025,8,FOE,0.065,135,234,495,479,0.28711
Wed Dec  3 11:34:55 2025,10,HUMAN,0.000,573,190,639,479,0.06209
Wed Dec  3 11:34:55 2025,9,HUMAN,0.000,0,340,30,479,0.01357
Wed Dec  3 11:34:56 2025,1,FOE,0.073,368,159,477,329,0.06032
Wed Dec  3 11:34:57 2025,8,FOE,0.065,142,252,494,479,0.26010
Wed Dec  3 11:34:58 2025,1,FOE,0.073,349,166,463,323,0.05826
Wed Dec  3 11:34:59 2025,8,FOE,0.068,147,249,477,479,0.24707
Wed Dec  3 11:34:59 2025,10,HUMAN,0.000,608,181,639,463,0.02846
Wed Dec  3 11:35:01 2025,10,HUMAN,0.662,438,136,639,479,0.22442
Wed Dec  3 11:35:01 2025,9,HUMAN,0.000,0,351,41,479,0.01708
Wed Dec  3 11:35:02 2025,10,FRIEND,0.659,471,126,639,479,0.19305
Wed Dec  3 11:35:03 2025,9,HUMAN,0.000,0,362,86,479,0.03275
Wed Dec  3 11:35:04 2025,10,HUMAN,0.000,538,162,639,479,0.10422
Wed Dec  3 11:35:05 2025,9,HUMAN,0.000,0,362,85,479,0.03237
Wed Dec  3 11:35:06 2025,1,HUMAN,0.000,325,131,605,479,0.31719
Wed Dec  3 11:35:07 2025,9,HUMAN,0.069,0,370,106,479,0.03761
Wed Dec  3 11:35:07 2025,10,HUMAN,0.000,568,27,639,478,0.10424
Wed Dec  3 11:35:08 2025,1,HUMAN,0.000,304,124,567,479,0.30392
Wed Dec  3 11:35:09 2025,10,HUMAN,0.625,474,26,639,479,0.24331
Wed Dec  3 11:35:09 2025,9,HUMAN,0.000,0,372,56,479,0.01951
Wed Dec  3 11:35:10 2025,1,HUMAN,0.000,297,128,554,479,0.29364
Wed Dec  3 11:35:11 2025,10,FRIEND,0.620,474,28,639,479,0.24224
Wed Dec  3 11:35:12 2025,1,HUMAN,0.000,376,172,639,479,0.26283
Wed Dec  3 11:35:12 2025,9,HUMAN,0.000,0,383,58,479,0.01812
Wed Dec  3 11:35:13 2025,1,HUMAN,0.000,413,185,639,479,0.21629
Wed Dec  3 11:35:13 2025,9,HUMAN,0.000,0,384,63,479,0.01948
Wed Dec  3 11:35:14 2025,1,HUMAN,0.000,410,185,639,479,0.21916
Wed Dec  3 11:35:14 2025,9,HUMAN,0.000,0,386,63,479,0.01907
Wed Dec  3 11:35:15 2025,1,HUMAN,0.000,413,173,639,479,0.22512
Wed Dec  3 11:35:16 2025,1,HUMAN,0.000,408,178,639,479,0.22634
Wed Dec  3 11:35:17 2025,1,HUMAN,0.000,394,179,639,479,0.23926
Wed Dec  3 11:35:18 2025,1,HUMAN,0.000,410,196,639,479,0.21096
Wed Dec  3 11:35:19 2025,9,HUMAN,0.000,0,319,80,479,0.04167
Wed Dec  3 11:35:20 2025,11,HUMAN,0.000,600,190,639,477,0.03644
Wed Dec  3 11:35:20 2025,12,HUMAN,0.000,385,406,472,479,0.02067
Wed Dec  3 11:35:21 2025,9,HUMAN,0.000,0,308,85,479,0.04731
Wed Dec  3 11:35:22 2025,9,HUMAN,0.000,0,320,64,479,0.03312
Wed Dec  3 11:35:33 2025,13,HUMAN,0.088,273,288,377,479,0.06466
Wed Dec  3 11:35:33 2025,14,HUMAN,0.000,0,319,42,477,0.02160
Wed Dec  3 11:35:33 2025,14,HUMAN,0.000,0,321,45,477,0.02285
Wed Dec  3 11:35:33 2025,14,HUMAN,0.000,0,319,45,477,0.02314
Wed Dec  3 11:35:33 2025,14,HUMAN,0.000,0,317,46,478,0.02411
Wed Dec  3 11:35:34 2025,14,HUMAN,0.000,0,315,48,478,0.02547
Wed Dec  3 11:35:34 2025,14,HUMAN,0.000,0,317,48,479,0.02531
Wed Dec  3 11:35:34 2025,14,HUMAN,0.000,0,314,49,479,0.02632
Wed Dec  3 11:35:34 2025,14,HUMAN,0.000,0,316,49,479,0.02600
Wed Dec  3 11:35:34 2025,14,HUMAN,0.000,0,315,49,479,0.02616
Wed Dec  3 11:35:34 2025,14,HUMAN,0.000,0,314,49,479,0.02632
Wed Dec  3 11:35:34 2025,14,HUMAN,0.000,0,314,48,479,0.02578
Wed Dec  3 11:35:34 2025,14,HUMAN,0.000,0,316,48,479,0.02547
Wed Dec  3 11:35:34 2025,14,HUMAN,0.000,0,314,47,478,0.02509
Wed Dec  3 11:35:34 2025,14,HUMAN,0.000,0,316,47,478,0.02479
Wed Dec  3 11:35:34 2025,14,HUMAN,0.000,0,317,45,478,0.02358
Wed Dec  3 11:35:35 2025,14,HUMAN,0.000,0,321,42,477,0.02133
Wed Dec  3 11:35:35 2025,14,HUMAN,0.000,0,326,38,478,0.01880
Wed Dec  3 11:35:36 2025,15,HUMAN,0.082,323,309,421,479,0.05423
Wed Dec  3 11:35:43 2025,16,HUMAN,0.102,242,284,361,479,0.07554
Wed Dec  3 11:35:46 2025,17,HUMAN,0.063,227,307,342,479,0.06439
Wed Dec  3 11:35:51 2025,18,HUMAN,0.000,257,320,345,479,0.04555
Wed Dec  3 11:35:52 2025,19,HUMAN,0.049,57,370,192,479,0.04790
Wed Dec  3 11:35:53 2025,19,FOE,0.050,40,360,158,479,0.04571
Wed Dec  3 11:35:54 2025,20,HUMAN,0.000,0,328,32,456,0.01333
Wed Dec  3 11:35:55 2025,20,HUMAN,0.000,0,316,36,479,0.01910
Wed Dec  3 11:35:55 2025,20,HUMAN,0.000,0,321,47,478,0.02402
Wed Dec  3 11:35:55 2025,20,HUMAN,0.000,0,317,52,479,0.02742
Wed Dec  3 11:35:56 2025,20,HUMAN,0.000,0,323,60,479,0.03047
Wed Dec  3 11:35:56 2025,20,HUMAN,0.000,0,363,54,479,0.02039
Wed Dec  3 11:35:56 2025,20,HUMAN,0.000,0,363,53,479,0.02001
Wed Dec  3 11:35:56 2025,20,HUMAN,0.000,0,364,53,479,0.01984
Wed Dec  3 11:35:56 2025,20,HUMAN,0.000,0,364,52,479,0.01947
Wed Dec  3 11:35:56 2025,20,HUMAN,0.000,0,365,52,479,0.01930
Wed Dec  3 11:35:56 2025,20,HUMAN,0.000,0,366,51,479,0.01876
Wed Dec  3 11:35:56 2025,20,HUMAN,0.000,0,366,49,479,0.01802
Wed Dec  3 11:35:56 2025,20,HUMAN,0.000,0,370,47,479,0.01668
Wed Dec  3 11:35:56 2025,20,HUMAN,0.000,0,370,45,479,0.01597
Wed Dec  3 11:35:56 2025,20,HUMAN,0.000,0,370,40,479,0.01419
Wed Dec  3 11:35:56 2025,20,HUMAN,0.000,0,367,32,479,0.01167
Wed Dec  3 11:35:56 2025,20,HUMAN,0.000,0,363,25,479,0.00944
Wed Dec  3 11:35:58 2025,21,HUMAN,0.000,602,172,639,460,0.03469
Wed Dec  3 11:35:59 2025,21,HUMAN,0.000,551,190,639,479,0.08279
Wed Dec  3 11:35:59 2025,21,HUMAN,0.000,556,136,639,479,0.09267
Wed Dec  3 11:36:00 2025,21,HUMAN,0.000,518,149,639,479,0.12998
Wed Dec  3 11:36:00 2025,22,HUMAN,0.000,0,346,44,479,0.01905
Wed Dec  3 11:36:01 2025,21,HUMAN,0.000,531,140,639,479,0.11918
Wed Dec  3 11:36:01 2025,22,HUMAN,0.000,0,368,58,479,0.02096
Wed Dec  3 11:36:02 2025,21,HUMAN,0.000,504,159,639,479,0.14062
Wed Dec  3 11:36:02 2025,22,HUMAN,0.000,0,364,44,479,0.01647
Wed Dec  3 11:36:03 2025,21,HUMAN,0.000,503,156,639,479,0.14299
Wed Dec  3 11:36:03 2025,22,HUMAN,0.000,0,373,74,479,0.02553
Wed Dec  3 11:36:04 2025,21,HUMAN,0.000,506,159,639,479,0.13854
Wed Dec  3 11:36:04 2025,22,HUMAN,0.000,0,374,61,479,0.02085
Wed Dec  3 11:36:05 2025,21,HUMAN,0.000,511,155,639,479,0.13500
Wed Dec  3 11:36:05 2025,22,HUMAN,0.000,0,373,60,479,0.02070
Wed Dec  3 11:36:06 2025,21,HUMAN,0.000,521,150,639,479,0.12637
Wed Dec  3 11:36:06 2025,22,HUMAN,0.000,0,375,63,479,0.02133
Wed Dec  3 11:36:07 2025,21,HUMAN,0.000,571,138,639,479,0.07548
Wed Dec  3 11:36:07 2025,22,HUMAN,0.000,0,374,62,479,0.02119
Wed Dec  3 11:36:07 2025,21,HUMAN,0.000,565,182,639,479,0.07154
Wed Dec  3 11:36:07 2025,22,HUMAN,0.000,0,370,54,479,0.01916
Wed Dec  3 11:36:08 2025,21,HUMAN,0.000,582,180,639,479,0.05548
Wed Dec  3 11:36:08 2025,21,HUMAN,0.000,599,183,639,479,0.03854
Wed Dec  3 11:36:09 2025,21,HUMAN,0.000,600,166,639,479,0.03974
Wed Dec  3 11:36:09 2025,21,HUMAN,0.000,602,164,639,479,0.03794
Wed Dec  3 11:36:09 2025,21,HUMAN,0.000,600,164,639,479,0.03999
Wed Dec  3 11:36:10 2025,21,HUMAN,0.000,598,165,639,479,0.04191
Wed Dec  3 11:36:10 2025,22,HUMAN,0.000,0,371,32,479,0.01125
Wed Dec  3 11:36:10 2025,21,HUMAN,0.000,598,163,639,479,0.04217
Wed Dec  3 11:36:10 2025,22,HUMAN,0.000,0,369,50,479,0.01790
Wed Dec  3 11:36:10 2025,22,HUMAN,0.000,0,371,52,479,0.01828
Wed Dec  3 11:36:11 2025,21,HUMAN,0.000,605,158,639,479,0.03553
Wed Dec  3 11:36:11 2025,22,HUMAN,0.000,0,373,58,479,0.02001
Wed Dec  3 11:36:11 2025,22,HUMAN,0.000,0,373,60,479,0.02070
Wed Dec  3 11:36:11 2025,22,HUMAN,0.000,0,374,64,479,0.02187
Wed Dec  3 11:36:11 2025,22,HUMAN,0.000,0,374,65,479,0.02222
Wed Dec  3 11:36:11 2025,22,HUMAN,0.000,0,374,67,479,0.02290
Wed Dec  3 11:36:11 2025,22,HUMAN,0.000,0,375,67,479,0.02268
Wed Dec  3 11:36:11 2025,22,HUMAN,0.000,0,375,68,479,0.02302
Wed Dec  3 11:36:11 2025,22,HUMAN,0.000,0,375,68,479,0.02302
Wed Dec  3 11:36:11 2025,22,HUMAN,0.000,0,375,72,479,0.02437
Wed Dec  3 11:36:11 2025,22,HUMAN,0.000,0,376,75,479,0.02515
Wed Dec  3 11:36:11 2025,22,HUMAN,0.000,0,379,79,479,0.02572
Wed Dec  3 11:36:11 2025,21,HUMAN,0.000,608,168,639,478,0.03128
Wed Dec  3 11:36:11 2025,22,HUMAN,0.000,0,386,85,479,0.02573
Wed Dec  3 11:36:12 2025,21,HUMAN,0.000,594,191,639,479,0.04219
Wed Dec  3 11:36:12 2025,21,HUMAN,0.000,610,193,639,479,0.02700
Wed Dec  3 11:36:12 2025,22,HUMAN,0.000,0,386,83,479,0.02513
Wed Dec  3 11:36:12 2025,21,HUMAN,0.000,588,211,639,479,0.04449
Wed Dec  3 11:36:12 2025,22,HUMAN,0.000,0,384,83,479,0.02567
Wed Dec  3 11:36:13 2025,21,HUMAN,0.000,588,213,639,479,0.04416
Wed Dec  3 11:36:13 2025,22,HUMAN,0.000,0,385,82,479,0.02509
Wed Dec  3 11:36:13 2025,21,HUMAN,0.000,603,199,639,479,0.03281
Wed Dec  3 11:36:13 2025,22,HUMAN,0.000,0,384,77,479,0.02381
Wed Dec  3 11:36:13 2025,22,HUMAN,0.000,0,383,76,479,0.02375
Wed Dec  3 11:36:13 2025,22,HUMAN,0.000,0,382,75,479,0.02368
Wed Dec  3 11:36:13 2025,22,HUMAN,0.000,0,382,75,479,0.02368
Wed Dec  3 11:36:14 2025,22,HUMAN,0.000,0,381,73,479,0.02329
Wed Dec  3 11:36:14 2025,22,HUMAN,0.000,0,381,72,479,0.02297
Wed Dec  3 11:36:14 2025,22,HUMAN,0.000,0,380,71,479,0.02288
Wed Dec  3 11:36:14 2025,22,HUMAN,0.000,0,380,71,479,0.02288
Wed Dec  3 11:36:14 2025,22,HUMAN,0.000,0,380,70,479,0.02256
Wed Dec  3 11:36:14 2025,22,HUMAN,0.000,0,380,69,479,0.02224
Wed Dec  3 11:36:14 2025,22,HUMAN,0.000,0,380,68,479,0.02191
Wed Dec  3 11:36:14 2025,22,HUMAN,0.000,0,380,68,479,0.02191
Wed Dec  3 11:36:14 2025,22,HUMAN,0.000,0,380,69,479,0.02224
Wed Dec  3 11:36:14 2025,22,HUMAN,0.000,0,381,69,479,0.02201
Wed Dec  3 11:36:14 2025,22,HUMAN,0.000,0,381,70,479,0.02233
Wed Dec  3 11:36:14 2025,22,HUMAN,0.000,0,381,71,479,0.02265
Wed Dec  3 11:36:14 2025,22,HUMAN,0.000,0,381,70,479,0.02233
Wed Dec  3 11:36:14 2025,22,HUMAN,0.000,0,382,71,479,0.02242
Wed Dec  3 11:36:14 2025,22,HUMAN,0.000,0,382,71,479,0.02242
Wed Dec  3 11:36:14 2025,22,HUMAN,0.000,0,382,71,479,0.02242
Wed Dec  3 11:36:14 2025,22,HUMAN,0.000,0,383,71,479,0.02219
Wed Dec  3 11:36:14 2025,22,HUMAN,0.000,0,383,71,479,0.02219
Wed Dec  3 11:36:14 2025,23,HUMAN,0.000,614,190,639,478,0.02344
Wed Dec  3 11:36:15 2025,22,HUMAN,0.000,0,383,71,479,0.02219
Wed Dec  3 11:36:15 2025,23,HUMAN,0.000,610,187,639,477,0.02738
Wed Dec  3 11:36:15 2025,22,HUMAN,0.000,0,383,71,479,0.02219
Wed Dec  3 11:36:15 2025,22,HUMAN,0.000,0,383,70,479,0.02187
Wed Dec  3 11:36:15 2025,22,HUMAN,0.000,0,382,70,479,0.02210
Wed Dec  3 11:36:15 2025,22,HUMAN,0.000,0,382,70,479,0.02210
Wed Dec  3 11:36:15 2025,22,HUMAN,0.000,0,382,70,479,0.02210
Wed Dec  3 11:36:15 2025,22,HUMAN,0.000,0,382,71,479,0.02242
Wed Dec  3 11:36:15 2025,22,HUMAN,0.000,0,382,71,479,0.02242
Wed Dec  3 11:36:15 2025,22,HUMAN,0.000,0,382,71,479,0.02242
Wed Dec  3 11:36:15 2025,22,HUMAN,0.000,0,383,71,479,0.02219
Wed Dec  3 11:36:15 2025,22,HUMAN,0.000,0,383,70,479,0.02187
Wed Dec  3 11:36:15 2025,22,HUMAN,0.000,0,383,70,479,0.02187
Wed Dec  3 11:36:16 2025,22,HUMAN,0.000,0,383,69,479,0.02156
Wed Dec  3 11:36:16 2025,22,HUMAN,0.000,0,382,68,479,0.02147
Wed Dec  3 11:36:16 2025,22,HUMAN,0.000,0,382,67,479,0.02116
Wed Dec  3 11:36:16 2025,22,HUMAN,0.000,0,382,67,479,0.02116
Wed Dec  3 11:36:16 2025,22,HUMAN,0.000,0,381,65,479,0.02074
Wed Dec  3 11:36:16 2025,22,HUMAN,0.000,0,381,64,479,0.02042
Wed Dec  3 11:36:16 2025,22,HUMAN,0.000,0,381,64,479,0.02042
Wed Dec  3 11:36:16 2025,22,HUMAN,0.000,0,381,63,479,0.02010
Wed Dec  3 11:36:16 2025,22,HUMAN,0.000,0,381,62,479,0.01978
Wed Dec  3 11:36:16 2025,22,HUMAN,0.000,0,380,62,479,0.01998
Wed Dec  3 11:36:16 2025,22,HUMAN,0.000,0,380,62,479,0.01998
Wed Dec  3 11:36:17 2025,22,HUMAN,0.000,0,381,61,479,0.01946
Wed Dec  3 11:36:17 2025,22,HUMAN,0.000,0,380,61,479,0.01966
Wed Dec  3 11:36:17 2025,22,HUMAN,0.000,0,380,62,479,0.01998
Wed Dec  3 11:36:17 2025,22,HUMAN,0.000,0,381,62,479,0.01978
Wed Dec  3 11:36:17 2025,24,HUMAN,0.000,610,189,639,477,0.02719
Wed Dec  3 11:36:17 2025,22,HUMAN,0.000,0,381,62,479,0.01978
Wed Dec  3 11:36:17 2025,24,HUMAN,0.000,606,192,639,477,0.03062
Wed Dec  3 11:36:17 2025,24,HUMAN,0.000,618,192,639,478,0.01955
Wed Dec  3 11:36:18 2025,24,HUMAN,0.000,579,201,639,479,0.05430
Wed Dec  3 11:36:18 2025,22,HUMAN,0.000,0,381,63,479,0.02010
Wed Dec  3 11:36:18 2025,22,HUMAN,0.000,0,382,64,479,0.02021
Wed Dec  3 11:36:18 2025,24,HUMAN,0.000,578,147,639,479,0.06592
Wed Dec  3 11:36:19 2025,24,HUMAN,0.000,546,141,639,479,0.10232
Wed Dec  3 11:36:19 2025,22,HUMAN,0.000,0,382,64,479,0.02021
Wed Dec  3 11:36:20 2025,24,HUMAN,0.000,523,155,639,479,0.12234
Wed Dec  3 11:36:20 2025,22,HUMAN,0.000,0,381,64,479,0.02042
Wed Dec  3 11:36:21 2025,24,HUMAN,0.000,523,156,639,479,0.12197
Wed Dec  3 11:36:21 2025,22,HUMAN,0.000,0,381,63,479,0.02010
Wed Dec  3 11:36:22 2025,24,HUMAN,0.000,503,161,639,479,0.14078
Wed Dec  3 11:36:22 2025,22,HUMAN,0.000,0,381,64,479,0.02042
Wed Dec  3 11:36:23 2025,24,HUMAN,0.000,494,162,639,479,0.14963
Wed Dec  3 11:36:23 2025,22,HUMAN,0.000,0,381,63,479,0.02010
Wed Dec  3 11:36:25 2025,24,HUMAN,0.000,490,164,639,479,0.15278
Wed Dec  3 11:36:25 2025,22,HUMAN,0.000,0,381,63,479,0.02010
Wed Dec  3 11:36:26 2025,24,HUMAN,0.000,480,164,639,479,0.16304
Wed Dec  3 11:36:26 2025,22,HUMAN,0.000,0,382,65,479,0.02052
Wed Dec  3 11:36:27 2025,24,HUMAN,0.000,490,165,639,479,0.15230
Wed Dec  3 11:36:28 2025,24,HUMAN,0.000,493,166,639,479,0.14876
Wed Dec  3 11:36:28 2025,22,HUMAN,0.000,0,386,41,479,0.01241
Wed Dec  3 11:36:30 2025,24,HUMAN,0.000,495,168,639,479,0.14578
Wed Dec  3 11:36:30 2025,22,HUMAN,0.000,0,377,32,479,0.01062
Wed Dec  3 11:36:31 2025,24,HUMAN,0.000,498,166,639,479,0.14366
Wed Dec  3 11:36:31 2025,22,HUMAN,0.000,0,362,40,479,0.01523
Wed Dec  3 11:36:32 2025,24,HUMAN,0.000,499,167,639,479,0.14219
Wed Dec  3 11:36:32 2025,22,HUMAN,0.000,0,363,67,479,0.02530
Wed Dec  3 11:36:33 2025,24,HUMAN,0.000,515,165,639,479,0.12674
Wed Dec  3 11:36:33 2025,22,HUMAN,0.000,0,372,58,479,0.02020
Wed Dec  3 11:36:34 2025,24,HUMAN,0.000,489,173,639,479,0.14941
Wed Dec  3 11:36:34 2025,22,HUMAN,0.000,0,372,66,479,0.02299
Wed Dec  3 11:36:36 2025,24,HUMAN,0.000,483,173,639,479,0.15539
Wed Dec  3 11:36:36 2025,22,HUMAN,0.000,0,372,45,479,0.01567
Wed Dec  3 11:36:37 2025,24,HUMAN,0.000,494,165,639,479,0.14821
Wed Dec  3 11:36:38 2025,24,HUMAN,0.000,486,182,639,479,0.14792
Wed Dec  3 11:36:40 2025,24,HUMAN,0.390,431,50,639,479,0.29047
Wed Dec  3 11:36:40 2025,25,HUMAN,0.000,377,446,436,479,0.00634
Wed Dec  3 11:36:41 2025,26,HUMAN,0.000,127,341,277,479,0.06738
Wed Dec  3 11:36:42 2025,26,HUMAN,0.000,46,342,277,479,0.10302
Wed Dec  3 13:15:47 2025,27,HUMAN,0.593,352,158,1573,1067,0.53525
Wed Dec  3 13:15:49 2025,28,HUMAN,0.552,228,214,1356,1069,0.46510
Wed Dec  3 13:15:50 2025,28,FRIEND,0.503,347,202,1368,1068,0.42640
Wed Dec  3 13:15:52 2025,28,FRIEND,0.507,342,198,1379,1069,0.43558
Wed Dec  3 13:15:52 2025,28,FRIEND,0.524,430,208,1396,1070,0.40157
Wed Dec  3 13:15:53 2025,29,HUMAN,0.508,236,165,1376,1068,0.49644
Wed Dec  3 13:15:55 2025,29,FRIEND,0.559,36,45,1478,1069,0.71210
Wed Dec  3 13:15:56 2025,29,FRIEND,0.542,100,46,1501,1068,0.69050
Wed Dec  3 13:15:57 2025,29,FRIEND,0.540,95,48,1506,1069,0.69475
Wed Dec  3 13:15:58 2025,29,FRIEND,0.557,92,57,1509,1071,0.69292
Wed Dec  3 13:15:59 2025,29,FRIEND,0.577,83,48,1503,1068,0.69850
Wed Dec  3 13:16:00 2025,29,FRIEND,0.577,83,36,1515,1068,0.71269
Wed Dec  3 13:16:01 2025,29,FRIEND,0.600,80,42,1518,1071,0.71359
Wed Dec  3 13:16:02 2025,29,FRIEND,0.614,85,41,1536,1071,0.72074
Wed Dec  3 13:16:03 2025,29,FRIEND,0.603,81,45,1539,1072,0.72211
Wed Dec  3 13:16:04 2025,29,FRIEND,0.594,79,40,1536,1071,0.72442
Wed Dec  3 13:16:05 2025,29,FRIEND,0.592,88,39,1540,1071,0.72264
